{
  "mean": -0.16564393043518066,
  "std": 1.8390287160873413
}